frequency,raw,error,smoothed,error_smoothed,equalization,parametric_eq,fixed_band_eq,equalized_raw,equalized_smoothed,target
20.00,9.63,5.57,9.63,5.57,-5.56,-5.86,-3.17,4.07,4.07,4.06
20.20,9.67,5.63,9.67,5.63,-5.63,-5.89,-3.26,4.05,4.05,4.04
20.40,9.72,5.69,9.72,5.69,-5.69,-5.93,-3.35,4.03,4.03,4.03
20.61,9.76,5.74,9.76,5.75,-5.75,-5.96,-3.45,4.01,4.01,4.02
20.81,9.81,5.81,9.81,5.81,-5.81,-6.00,-3.54,4.00,4.00,4.00
21.02,9.86,5.87,9.86,5.87,-5.87,-6.03,-3.64,3.99,3.99,3.99
21.23,9.91,5.93,9.91,5.93,-5.93,-6.07,-3.74,3.98,3.98,3.98
21.44,9.96,5.99,9.96,5.99,-5.99,-6.10,-3.85,3.97,3.97,3.97
21.66,10.02,6.06,10.02,6.06,-6.05,-6.14,-3.95,3.97,3.97,3.96
21.87,10.07,6.12,10.07,6.12,-6.11,-6.17,-4.06,3.96,3.96,3.95
22.09,10.12,6.17,10.12,6.17,-6.17,-6.21,-4.17,3.95,3.95,3.95
22.31,10.17,6.23,10.17,6.22,-6.22,-6.25,-4.29,3.95,3.95,3.94
22.54,10.21,6.27,10.21,6.27,-6.28,-6.28,-4.41,3.93,3.94,3.94
22.76,10.26,6.33,10.26,6.32,-6.33,-6.32,-4.53,3.93,3.93,3.93
22.99,10.31,6.37,10.31,6.38,-6.38,-6.35,-4.66,3.93,3.93,3.94
23.22,10.36,6.43,10.36,6.43,-6.43,-6.39,-4.79,3.93,3.93,3.93
23.45,10.42,6.49,10.42,6.48,-6.48,-6.42,-4.92,3.94,3.94,3.93
23.69,10.47,6.53,10.47,6.53,-6.53,-6.46,-5.05,3.94,3.94,3.94
23.92,10.52,6.58,10.52,6.58,-6.58,-6.49,-5.19,3.94,3.94,3.94
24.16,10.57,6.62,10.57,6.62,-6.63,-6.53,-5.33,3.94,3.94,3.95
24.40,10.62,6.67,10.62,6.67,-6.67,-6.56,-5.47,3.95,3.95,3.95
24.65,10.66,6.71,10.67,6.71,-6.70,-6.59,-5.61,3.96,3.97,3.95
24.89,10.71,6.76,10.70,6.75,-6.73,-6.63,-5.76,3.98,3.98,3.95
25.14,10.73,6.78,10.73,6.78,-6.75,-6.66,-5.91,3.98,3.97,3.95
25.39,10.74,6.79,10.74,6.79,-6.78,-6.70,-6.06,3.96,3.96,3.95
25.65,10.75,6.79,10.75,6.79,-6.81,-6.73,-6.21,3.94,3.93,3.96
25.91,10.76,6.80,10.77,6.81,-6.85,-6.77,-6.36,3.91,3.92,3.96
26.16,10.80,6.84,10.81,6.85,-6.88,-6.80,-6.51,3.92,3.93,3.96
26.43,10.86,6.91,10.86,6.91,-6.91,-6.83,-6.66,3.95,3.95,3.95
26.69,10.92,6.97,10.92,6.97,-6.94,-6.87,-6.81,3.98,3.98,3.95
26.96,10.98,7.03,10.97,7.01,-6.97,-6.90,-6.97,4.01,3.99,3.95
27.23,10.99,7.04,10.99,7.04,-7.01,-6.93,-7.11,3.98,3.98,3.95
27.50,10.99,7.05,10.99,7.05,-7.05,-6.96,-7.26,3.94,3.94,3.94
27.77,10.99,7.06,10.99,7.06,-7.09,-7.00,-7.40,3.90,3.90,3.93
28.05,11.00,7.07,11.02,7.09,-7.13,-7.03,-7.54,3.87,3.89,3.93
28.33,11.07,7.15,11.07,7.14,-7.16,-7.06,-7.67,3.91,3.91,3.92
28.62,11.13,7.21,11.13,7.21,-7.19,-7.09,-7.80,3.93,3.94,3.92
28.90,11.20,7.29,11.19,7.28,-7.23,-7.13,-7.92,3.97,3.96,3.91
29.19,11.22,7.32,11.21,7.31,-7.27,-7.16,-8.04,3.95,3.94,3.90
29.48,11.22,7.32,11.22,7.32,-7.32,-7.19,-8.14,3.90,3.90,3.90
29.78,11.22,7.33,11.23,7.33,-7.37,-7.22,-8.24,3.85,3.85,3.89
30.08,11.24,7.36,11.25,7.37,-7.42,-7.25,-8.32,3.82,3.84,3.88
30.38,11.31,7.43,11.31,7.43,-7.46,-7.28,-8.40,3.85,3.85,3.88
30.68,11.38,7.51,11.38,7.51,-7.49,-7.31,-8.46,3.89,3.89,3.87
30.99,11.45,7.59,11.43,7.57,-7.52,-7.34,-8.52,3.93,3.91,3.86
31.30,11.45,7.60,11.45,7.60,-7.55,-7.37,-8.56,3.90,3.90,3.85
31.61,11.45,7.60,11.46,7.61,-7.58,-7.40,-8.60,3.87,3.88,3.85
31.93,11.45,7.60,11.45,7.60,-7.60,-7.43,-8.62,3.85,3.85,3.85
32.24,11.45,7.61,11.45,7.60,-7.62,-7.46,-8.63,3.83,3.82,3.84
32.57,11.45,7.61,11.45,7.60,-7.64,-7.49,-8.63,3.81,3.80,3.84
32.89,11.45,7.61,11.46,7.62,-7.67,-7.52,-8.62,3.78,3.80,3.84
33.22,11.50,7.66,11.51,7.67,-7.69,-7.54,-8.61,3.81,3.82,3.84
33.55,11.58,7.73,11.58,7.73,-7.72,-7.57,-8.58,3.86,3.86,3.85
33.89,11.65,7.79,11.64,7.78,-7.75,-7.60,-8.55,3.90,3.89,3.86
34.23,11.68,7.82,11.67,7.81,-7.77,-7.63,-8.51,3.91,3.90,3.86
34.57,11.68,7.81,11.69,7.82,-7.79,-7.65,-8.46,3.89,3.90,3.87
34.92,11.68,7.81,11.68,7.81,-7.80,-7.68,-8.41,3.88,3.88,3.87
35.27,11.68,7.80,11.68,7.80,-7.80,-7.70,-8.36,3.88,3.88,3.88
35.62,11.68,7.80,11.68,7.80,-7.81,-7.73,-8.30,3.87,3.87,3.88
35.97,11.68,7.80,11.68,7.80,-7.81,-7.76,-8.24,3.87,3.87,3.88
36.33,11.69,7.81,11.69,7.80,-7.83,-7.78,-8.18,3.86,3.86,3.88
36.70,11.70,7.82,11.70,7.82,-7.85,-7.80,-8.12,3.85,3.85,3.88
37.06,11.72,7.84,11.74,7.86,-7.88,-7.83,-8.06,3.84,3.86,3.88
37.43,11.79,7.91,11.79,7.91,-7.92,-7.85,-8.00,3.87,3.87,3.88
37.81,11.86,7.99,11.85,7.98,-7.96,-7.88,-7.94,3.90,3.89,3.87
38.19,11.90,8.04,11.89,8.03,-7.99,-7.90,-7.89,3.91,3.90,3.86
38.57,11.90,8.05,11.91,8.05,-8.03,-7.92,-7.83,3.87,3.88,3.85
38.95,11.90,8.06,11.90,8.06,-8.06,-7.94,-7.78,3.84,3.85,3.84
39.34,11.90,8.07,11.90,8.07,-8.08,-7.97,-7.74,3.82,3.82,3.83
39.74,11.90,8.08,11.90,8.08,-8.09,-7.99,-7.69,3.81,3.81,3.82
40.14,11.90,8.10,11.90,8.09,-8.10,-8.01,-7.65,3.81,3.81,3.80
40.54,11.90,8.10,11.90,8.10,-8.09,-8.03,-7.62,3.81,3.81,3.80
40.94,11.90,8.11,11.90,8.11,-8.09,-8.05,-7.59,3.81,3.81,3.79
41.35,11.90,8.11,11.90,8.11,-8.10,-8.07,-7.56,3.81,3.81,3.79
41.76,11.90,8.11,11.90,8.11,-8.11,-8.09,-7.54,3.79,3.79,3.79
42.18,11.90,8.11,11.89,8.10,-8.13,-8.11,-7.53,3.77,3.76,3.79
42.60,11.90,8.11,11.90,8.11,-8.16,-8.13,-7.52,3.74,3.74,3.79
43.03,11.91,8.12,11.94,8.15,-8.19,-8.14,-7.51,3.72,3.76,3.79
43.46,12.01,8.22,12.01,8.22,-8.22,-8.16,-7.51,3.79,3.79,3.79
43.90,12.11,8.31,12.08,8.28,-8.25,-8.18,-7.52,3.86,3.83,3.80
44.33,12.13,8.33,12.13,8.33,-8.28,-8.19,-7.53,3.85,3.85,3.80
44.78,12.13,8.33,12.14,8.33,-8.30,-8.21,-7.55,3.83,3.84,3.80
45.23,12.13,8.32,12.13,8.32,-8.32,-8.23,-7.57,3.81,3.81,3.81
45.68,12.13,8.32,12.13,8.32,-8.33,-8.24,-7.60,3.80,3.80,3.81
46.13,12.13,8.32,12.13,8.32,-8.33,-8.26,-7.63,3.80,3.80,3.81
46.60,12.13,8.32,12.13,8.32,-8.32,-8.27,-7.67,3.81,3.81,3.81
47.06,12.13,8.31,12.13,8.31,-8.32,-8.28,-7.72,3.81,3.81,3.82
47.53,12.13,8.31,12.13,8.31,-8.31,-8.30,-7.77,3.82,3.82,3.82
48.01,12.13,8.31,12.13,8.31,-8.31,-8.31,-7.82,3.82,3.82,3.82
48.49,12.13,8.32,12.13,8.31,-8.31,-8.32,-7.88,3.82,3.82,3.81
48.97,12.13,8.32,12.13,8.31,-8.31,-8.33,-7.95,3.82,3.82,3.81
49.46,12.13,8.31,12.13,8.31,-8.31,-8.34,-8.02,3.82,3.82,3.82
49.96,12.13,8.31,12.13,8.31,-8.31,-8.35,-8.09,3.82,3.82,3.82
50.46,12.13,8.31,12.13,8.31,-8.31,-8.36,-8.17,3.82,3.82,3.82
50.96,12.13,8.31,12.13,8.31,-8.30,-8.37,-8.25,3.83,3.83,3.82
51.47,12.13,8.30,12.13,8.30,-8.30,-8.38,-8.33,3.83,3.83,3.83
51.99,12.13,8.30,12.13,8.30,-8.30,-8.39,-8.42,3.83,3.83,3.83
52.51,12.13,8.30,12.13,8.30,-8.30,-8.40,-8.50,3.83,3.83,3.83
53.03,12.13,8.30,12.13,8.30,-8.30,-8.41,-8.59,3.83,3.83,3.83
53.56,12.13,8.31,12.13,8.30,-8.31,-8.41,-8.68,3.83,3.83,3.82
54.10,12.13,8.31,12.13,8.31,-8.31,-8.42,-8.77,3.82,3.82,3.82
54.64,12.13,8.31,12.13,8.31,-8.31,-8.42,-8.86,3.82,3.82,3.82
55.18,12.13,8.32,12.13,8.31,-8.31,-8.43,-8.95,3.82,3.82,3.81
55.74,12.13,8.31,12.13,8.31,-8.31,-8.43,-9.04,3.82,3.82,3.82
56.29,12.13,8.31,12.13,8.31,-8.31,-8.44,-9.12,3.82,3.82,3.82
56.86,12.13,8.31,12.13,8.31,-8.31,-8.44,-9.20,3.82,3.82,3.82
57.42,12.13,8.31,12.13,8.31,-8.31,-8.44,-9.27,3.82,3.82,3.82
58.00,12.13,8.31,12.13,8.31,-8.31,-8.44,-9.34,3.82,3.82,3.82
58.58,12.13,8.31,12.13,8.31,-8.31,-8.44,-9.39,3.82,3.82,3.82
59.16,12.13,8.31,12.13,8.31,-8.31,-8.44,-9.45,3.82,3.82,3.82
59.76,12.13,8.31,12.13,8.31,-8.31,-8.44,-9.49,3.82,3.82,3.82
60.35,12.13,8.31,12.13,8.31,-8.30,-8.44,-9.53,3.83,3.83,3.82
60.96,12.13,8.31,12.13,8.31,-8.30,-8.44,-9.55,3.83,3.83,3.82
61.57,12.13,8.30,12.13,8.30,-8.30,-8.44,-9.57,3.83,3.83,3.83
62.18,12.13,8.30,12.13,8.30,-8.30,-8.44,-9.57,3.83,3.83,3.83
62.80,12.13,8.30,12.13,8.30,-8.31,-8.43,-9.56,3.82,3.82,3.83
63.43,12.13,8.30,12.13,8.30,-8.32,-8.43,-9.54,3.81,3.81,3.83
64.07,12.13,8.31,12.13,8.30,-8.32,-8.42,-9.52,3.81,3.81,3.82
64.71,12.13,8.31,12.13,8.31,-8.32,-8.42,-9.48,3.81,3.81,3.82
65.35,12.13,8.32,12.14,8.33,-8.30,-8.41,-9.43,3.83,3.84,3.81
66.01,12.13,8.33,12.14,8.34,-8.28,-8.40,-9.37,3.85,3.86,3.80
66.67,12.13,8.33,12.10,8.30,-8.25,-8.39,-9.31,3.88,3.84,3.80
67.33,12.05,8.26,12.03,8.23,-8.22,-8.39,-9.23,3.83,3.80,3.79
68.01,11.90,8.11,11.95,8.16,-8.19,-8.38,-9.15,3.71,3.76,3.79
68.69,11.90,8.11,11.90,8.11,-8.17,-8.37,-9.06,3.73,3.73,3.79
69.37,11.90,8.12,11.89,8.10,-8.14,-8.36,-8.97,3.76,3.74,3.78
70.07,11.90,8.12,11.90,8.12,-8.12,-8.34,-8.88,3.78,3.78,3.78
70.77,11.90,8.13,11.90,8.13,-8.11,-8.33,-8.78,3.79,3.79,3.77
71.48,11.90,8.13,11.90,8.13,-8.11,-8.32,-8.67,3.79,3.79,3.77
72.19,11.90,8.13,11.90,8.13,-8.13,-8.30,-8.57,3.78,3.78,3.77
72.91,11.90,8.14,11.90,8.14,-8.14,-8.29,-8.46,3.76,3.76,3.76
73.64,11.90,8.14,11.90,8.14,-8.15,-8.27,-8.36,3.75,3.75,3.76
74.38,11.90,8.14,11.90,8.14,-8.15,-8.26,-8.25,3.75,3.75,3.76
75.12,11.90,8.14,11.90,8.14,-8.14,-8.24,-8.15,3.76,3.76,3.76
75.87,11.90,8.14,11.91,8.14,-8.12,-8.22,-8.05,3.78,3.79,3.76
76.63,11.90,8.14,11.90,8.14,-8.09,-8.21,-7.95,3.81,3.81,3.76
77.40,11.88,8.11,11.86,8.09,-8.05,-8.19,-7.85,3.83,3.80,3.77
78.17,11.81,8.04,11.79,8.02,-8.02,-8.17,-7.76,3.79,3.78,3.77
78.95,11.69,7.91,11.73,7.95,-7.98,-8.15,-7.67,3.71,3.75,3.78
79.74,11.68,7.90,11.68,7.90,-7.94,-8.12,-7.58,3.74,3.74,3.78
80.54,11.68,7.89,11.67,7.88,-7.91,-8.10,-7.50,3.77,3.76,3.79
81.35,11.68,7.88,11.68,7.88,-7.89,-8.08,-7.42,3.79,3.79,3.80
82.16,11.68,7.88,11.68,7.88,-7.88,-8.05,-7.35,3.80,3.80,3.80
82.98,11.68,7.88,11.68,7.88,-7.88,-8.03,-7.28,3.80,3.80,3.80
83.81,11.68,7.88,11.68,7.88,-7.88,-8.01,-7.22,3.80,3.80,3.80
84.65,11.68,7.88,11.69,7.89,-7.86,-7.98,-7.16,3.82,3.82,3.80
85.50,11.68,7.89,11.70,7.90,-7.85,-7.95,-7.10,3.84,3.85,3.79
86.35,11.68,7.89,11.66,7.87,-7.82,-7.93,-7.05,3.86,3.84,3.79
87.22,11.63,7.85,11.59,7.80,-7.79,-7.90,-7.01,3.84,3.80,3.78
88.09,11.45,7.67,11.51,7.73,-7.76,-7.87,-6.97,3.69,3.75,3.78
88.97,11.45,7.68,11.45,7.68,-7.74,-7.84,-6.94,3.71,3.71,3.77
89.86,11.45,7.68,11.43,7.66,-7.72,-7.81,-6.91,3.73,3.71,3.77
90.76,11.45,7.69,11.45,7.69,-7.70,-7.78,-6.89,3.75,3.75,3.76
91.66,11.45,7.69,11.45,7.69,-7.68,-7.75,-6.87,3.77,3.77,3.76
92.58,11.45,7.70,11.46,7.71,-7.66,-7.71,-6.86,3.79,3.80,3.75
93.51,11.45,7.70,11.46,7.71,-7.64,-7.68,-6.85,3.81,3.82,3.75
94.44,11.45,7.71,11.41,7.67,-7.62,-7.65,-6.85,3.83,3.79,3.74
95.39,11.35,7.61,11.34,7.60,-7.60,-7.61,-6.85,3.75,3.74,3.74
96.34,11.22,7.48,11.27,7.53,-7.58,-7.58,-6.85,3.65,3.69,3.74
97.30,11.22,7.48,11.22,7.48,-7.55,-7.54,-6.86,3.67,3.67,3.74
98.28,11.22,7.49,11.21,7.47,-7.52,-7.51,-6.88,3.70,3.69,3.73
99.26,11.22,7.49,11.22,7.49,-7.49,-7.47,-6.89,3.74,3.74,3.73
100.25,11.22,7.49,11.23,7.50,-7.45,-7.44,-6.92,3.77,3.78,3.73
101.25,11.22,7.50,11.21,7.49,-7.42,-7.40,-6.94,3.80,3.79,3.72
102.27,11.19,7.47,11.16,7.44,-7.40,-7.36,-6.97,3.79,3.76,3.72
103.29,11.07,7.36,11.09,7.37,-7.38,-7.32,-7.00,3.69,3.70,3.71
104.32,10.99,7.28,11.02,7.31,-7.36,-7.28,-7.03,3.63,3.66,3.71
105.37,10.99,7.28,10.98,7.27,-7.34,-7.24,-7.06,3.66,3.65,3.71
106.42,10.99,7.28,10.98,7.27,-7.30,-7.20,-7.10,3.69,3.68,3.71
107.48,10.99,7.28,10.99,7.28,-7.26,-7.16,-7.13,3.73,3.73,3.71
108.56,10.99,7.27,11.01,7.29,-7.23,-7.12,-7.17,3.76,3.78,3.72
109.64,10.99,7.27,10.98,7.26,-7.20,-7.08,-7.20,3.80,3.79,3.72
110.74,10.99,7.26,10.92,7.19,-7.17,-7.04,-7.23,3.82,3.76,3.73
111.85,10.79,7.05,10.85,7.11,-7.14,-7.00,-7.27,3.66,3.71,3.74
112.97,10.76,7.01,10.78,7.03,-7.10,-6.96,-7.29,3.67,3.68,3.75
114.10,10.76,7.01,10.74,6.99,-7.04,-6.91,-7.32,3.72,3.70,3.75
115.24,10.76,7.01,10.77,7.02,-6.99,-6.87,-7.34,3.77,3.78,3.75
116.39,10.76,7.01,10.75,7.00,-6.95,-6.83,-7.36,3.81,3.81,3.75
117.55,10.75,7.00,10.70,6.95,-6.91,-6.79,-7.37,3.84,3.78,3.75
118.73,10.59,6.84,10.63,6.87,-6.89,-6.74,-7.38,3.70,3.74,3.75
119.92,10.54,6.79,10.56,6.81,-6.86,-6.70,-7.38,3.68,3.70,3.75
121.12,10.54,6.79,10.53,6.78,-6.83,-6.65,-7.37,3.71,3.70,3.75
122.33,10.54,6.80,10.55,6.81,-6.79,-6.61,-7.36,3.75,3.76,3.74
123.55,10.54,6.80,10.54,6.80,-6.76,-6.57,-7.34,3.78,3.78,3.74
124.79,10.54,6.81,10.49,6.75,-6.72,-6.52,-7.31,3.82,3.76,3.73
126.03,10.38,6.66,10.42,6.69,-6.69,-6.48,-7.28,3.69,3.73,3.72
127.29,10.33,6.61,10.35,6.63,-6.65,-6.43,-7.23,3.68,3.70,3.72
128.57,10.31,6.60,10.31,6.60,-6.61,-6.39,-7.18,3.70,3.70,3.71
129.85,10.31,6.60,10.29,6.58,-6.57,-6.34,-7.12,3.74,3.72,3.71
131.15,10.26,6.56,10.23,6.53,-6.52,-6.30,-7.06,3.74,3.71,3.70
132.46,10.13,6.44,10.16,6.46,-6.48,-6.25,-6.99,3.65,3.68,3.69
133.79,10.08,6.39,10.10,6.41,-6.44,-6.20,-6.91,3.64,3.66,3.69
135.12,10.08,6.39,10.08,6.39,-6.40,-6.16,-6.83,3.68,3.68,3.69
136.48,10.08,6.39,10.08,6.39,-6.36,-6.11,-6.74,3.72,3.72,3.69
137.84,10.08,6.39,10.04,6.35,-6.32,-6.07,-6.65,3.76,3.72,3.69
139.22,9.96,6.28,9.97,6.28,-6.28,-6.02,-6.55,3.68,3.69,3.68
140.61,9.87,6.19,9.90,6.22,-6.24,-5.97,-6.45,3.63,3.66,3.68
142.02,9.85,6.17,9.86,6.18,-6.20,-5.93,-6.35,3.66,3.67,3.68
143.44,9.85,6.17,9.84,6.16,-6.15,-5.88,-6.25,3.70,3.69,3.68
144.87,9.85,6.18,9.80,6.12,-6.11,-5.83,-6.14,3.74,3.69,3.67
146.32,9.70,6.03,9.73,6.05,-6.06,-5.79,-6.03,3.64,3.67,3.67
147.78,9.63,5.96,9.66,5.99,-6.01,-5.74,-5.92,3.62,3.65,3.67
149.26,9.63,5.96,9.63,5.96,-5.97,-5.69,-5.82,3.66,3.66,3.67
150.75,9.63,5.96,9.62,5.94,-5.93,-5.65,-5.71,3.70,3.69,3.67
152.26,9.61,5.94,9.57,5.90,-5.88,-5.60,-5.60,3.73,3.69,3.67
153.78,9.47,5.81,9.50,5.83,-5.83,-5.55,-5.50,3.64,3.66,3.66
155.32,9.41,5.75,9.44,5.77,-5.79,-5.50,-5.39,3.63,3.65,3.66
156.88,9.40,5.73,9.40,5.74,-5.74,-5.46,-5.29,3.66,3.66,3.67
158.44,9.40,5.73,9.37,5.70,-5.69,-5.41,-5.19,3.71,3.68,3.67
160.03,9.34,5.67,9.31,5.64,-5.63,-5.36,-5.09,3.71,3.68,3.67
161.63,9.20,5.53,9.24,5.57,-5.57,-5.31,-5.00,3.63,3.67,3.67
163.24,9.17,5.50,9.19,5.52,-5.52,-5.26,-4.90,3.65,3.67,3.67
164.88,9.17,5.50,9.15,5.47,-5.47,-5.22,-4.81,3.70,3.68,3.67
166.53,9.13,5.46,9.10,5.42,-5.42,-5.17,-4.73,3.71,3.68,3.67
168.19,9.01,5.33,9.03,5.35,-5.37,-5.12,-4.64,3.64,3.66,3.68
169.87,8.94,5.26,8.97,5.28,-5.31,-5.07,-4.56,3.63,3.65,3.68
171.57,8.94,5.26,8.95,5.27,-5.26,-5.02,-4.48,3.68,3.69,3.68
173.29,8.94,5.26,8.93,5.25,-5.22,-4.98,-4.41,3.72,3.71,3.68
175.02,8.94,5.26,8.88,5.19,-5.18,-4.93,-4.34,3.76,3.70,3.68
176.77,8.75,5.07,8.80,5.12,-5.14,-4.88,-4.27,3.61,3.66,3.68
178.54,8.71,5.03,8.74,5.06,-5.09,-4.83,-4.20,3.62,3.65,3.68
180.32,8.71,5.04,8.70,5.03,-5.04,-4.78,-4.14,3.68,3.67,3.67
182.13,8.71,5.04,8.67,5.00,-4.97,-4.73,-4.08,3.74,3.70,3.67
183.95,8.62,4.96,8.63,4.96,-4.91,-4.68,-4.03,3.71,3.72,3.66
185.79,8.50,4.84,8.54,4.88,-4.85,-4.63,-3.97,3.65,3.69,3.66
187.65,8.49,4.83,8.43,4.77,-4.80,-4.58,-3.92,3.70,3.63,3.66
189.52,8.31,4.66,8.34,4.69,-4.75,-4.53,-3.88,3.57,3.60,3.65
191.42,8.26,4.61,8.29,4.63,-4.69,-4.48,-3.83,3.57,3.60,3.65
193.33,8.26,4.61,8.26,4.61,-4.63,-4.43,-3.79,3.63,3.63,3.65
195.27,8.26,4.61,8.26,4.61,-4.56,-4.38,-3.75,3.70,3.70,3.65
197.22,8.26,4.61,8.21,4.56,-4.50,-4.33,-3.72,3.76,3.71,3.65
199.19,8.12,4.46,8.15,4.49,-4.44,-4.28,-3.68,3.68,3.70,3.66
201.18,8.03,4.37,8.05,4.39,-4.38,-4.23,-3.65,3.65,3.67,3.66
203.19,7.98,4.32,7.95,4.28,-4.32,-4.18,-3.62,3.66,3.63,3.66
205.23,7.86,4.19,7.87,4.21,-4.25,-4.13,-3.59,3.61,3.63,3.67
207.28,7.80,4.13,7.84,4.16,-4.17,-4.08,-3.56,3.63,3.66,3.67
209.35,7.80,4.13,7.79,4.12,-4.11,-4.03,-3.54,3.69,3.69,3.67
211.44,7.80,4.13,7.74,4.07,-4.05,-3.98,-3.51,3.75,3.69,3.67
213.56,7.65,3.98,7.68,4.00,-4.01,-3.93,-3.49,3.64,3.67,3.67
215.69,7.58,3.91,7.61,3.93,-3.97,-3.87,-3.47,3.61,3.63,3.67
217.85,7.57,3.90,7.57,3.90,-3.93,-3.82,-3.45,3.64,3.64,3.67
220.03,7.57,3.90,7.57,3.90,-3.88,-3.77,-3.42,3.69,3.69,3.67
222.23,7.57,3.91,7.53,3.87,-3.82,-3.72,-3.40,3.75,3.71,3.66
224.45,7.47,3.81,7.48,3.82,-3.76,-3.67,-3.38,3.71,3.72,3.66
226.70,7.36,3.70,7.40,3.73,-3.71,-3.61,-3.35,3.65,3.69,3.66
228.96,7.35,3.69,7.29,3.63,-3.66,-3.56,-3.33,3.69,3.63,3.66
231.25,7.18,3.52,7.21,3.55,-3.61,-3.51,-3.31,3.57,3.60,3.66
233.57,7.12,3.47,7.15,3.49,-3.55,-3.45,-3.28,3.57,3.60,3.65
235.90,7.12,3.47,7.12,3.47,-3.49,-3.40,-3.25,3.63,3.63,3.65
238.26,7.12,3.47,7.11,3.47,-3.43,-3.35,-3.22,3.69,3.69,3.65
240.64,7.12,3.48,7.06,3.42,-3.37,-3.29,-3.19,3.75,3.69,3.64
243.05,6.96,3.32,7.01,3.37,-3.32,-3.24,-3.15,3.64,3.69,3.64
245.48,6.89,3.25,6.92,3.28,-3.26,-3.19,-3.11,3.63,3.65,3.64
247.93,6.89,3.25,6.81,3.17,-3.21,-3.13,-3.08,3.69,3.61,3.64
250.41,6.70,3.06,6.74,3.10,-3.14,-3.08,-3.03,3.56,3.60,3.64
252.92,6.66,3.02,6.70,3.05,-3.07,-3.02,-2.99,3.59,3.62,3.64
255.45,6.66,3.02,6.65,3.00,-3.01,-2.97,-2.94,3.65,3.64,3.64
258.00,6.66,3.02,6.61,2.96,-2.94,-2.91,-2.89,3.72,3.66,3.64
260.58,6.52,2.88,6.54,2.90,-2.88,-2.86,-2.84,3.64,3.66,3.64
263.19,6.44,2.80,6.48,2.84,-2.83,-2.80,-2.78,3.61,3.65,3.64
265.82,6.43,2.80,6.41,2.77,-2.78,-2.75,-2.73,3.65,3.63,3.63
268.48,6.38,2.75,6.35,2.71,-2.72,-2.69,-2.67,3.66,3.62,3.63
271.16,6.25,2.62,6.28,2.65,-2.67,-2.63,-2.60,3.59,3.62,3.63
273.87,6.21,2.57,6.24,2.60,-2.61,-2.58,-2.54,3.60,3.63,3.64
276.61,6.21,2.57,6.20,2.56,-2.55,-2.52,-2.47,3.66,3.65,3.64
279.38,6.21,2.57,6.15,2.50,-2.50,-2.46,-2.41,3.72,3.65,3.64
282.17,6.04,2.40,6.08,2.44,-2.43,-2.41,-2.34,3.61,3.65,3.64
284.99,5.98,2.33,6.02,2.37,-2.36,-2.35,-2.27,3.62,3.66,3.65
287.84,5.98,2.33,5.94,2.29,-2.28,-2.29,-2.20,3.70,3.65,3.65
290.72,5.91,2.26,5.90,2.24,-2.21,-2.23,-2.12,3.70,3.69,3.65
293.63,5.77,2.12,5.81,2.16,-2.13,-2.17,-2.05,3.64,3.68,3.65
296.57,5.75,2.09,5.70,2.04,-2.06,-2.12,-1.98,3.69,3.64,3.66
299.53,5.58,1.92,5.61,1.94,-2.00,-2.06,-1.90,3.58,3.61,3.66
302.53,5.52,1.86,5.55,1.88,-1.94,-2.00,-1.83,3.58,3.61,3.66
305.55,5.52,1.86,5.52,1.86,-1.88,-1.94,-1.75,3.64,3.64,3.66
308.61,5.52,1.86,5.52,1.85,-1.82,-1.88,-1.68,3.70,3.70,3.66
311.69,5.52,1.85,5.47,1.80,-1.76,-1.82,-1.61,3.76,3.72,3.67
314.81,5.38,1.71,5.41,1.74,-1.70,-1.76,-1.53,3.68,3.71,3.67
317.96,5.30,1.63,5.32,1.65,-1.65,-1.70,-1.46,3.65,3.68,3.67
321.14,5.28,1.61,5.22,1.55,-1.59,-1.64,-1.38,3.70,3.64,3.67
324.35,5.12,1.45,5.16,1.49,-1.51,-1.58,-1.31,3.61,3.65,3.67
327.59,5.07,1.40,5.10,1.43,-1.43,-1.52,-1.24,3.64,3.67,3.67
330.87,5.07,1.40,5.02,1.35,-1.34,-1.46,-1.16,3.73,3.67,3.67
334.18,4.96,1.29,4.97,1.30,-1.26,-1.40,-1.09,3.70,3.71,3.67
337.52,4.85,1.18,4.89,1.21,-1.19,-1.33,-1.02,3.66,3.70,3.67
340.90,4.84,1.16,4.78,1.10,-1.12,-1.27,-0.95,3.72,3.66,3.68
344.30,4.66,0.98,4.69,1.01,-1.05,-1.21,-0.88,3.61,3.64,3.68
347.75,4.61,0.92,4.65,0.96,-0.98,-1.15,-0.81,3.63,3.66,3.69
351.23,4.61,0.92,4.60,0.91,-0.92,-1.08,-0.74,3.69,3.68,3.69
354.74,4.61,0.92,4.57,0.87,-0.86,-1.02,-0.67,3.75,3.71,3.69
358.28,4.50,0.81,4.51,0.82,-0.80,-0.95,-0.60,3.70,3.71,3.69
361.87,4.41,0.72,4.45,0.76,-0.74,-0.89,-0.54,3.67,3.71,3.69
365.49,4.38,0.69,4.38,0.68,-0.67,-0.82,-0.47,3.71,3.70,3.69
369.14,4.36,0.67,4.32,0.63,-0.60,-0.76,-0.40,3.76,3.72,3.69
372.83,4.22,0.53,4.25,0.56,-0.53,-0.69,-0.33,3.69,3.72,3.69
376.56,4.16,0.47,4.15,0.46,-0.46,-0.62,-0.27,3.70,3.69,3.69
380.33,4.06,0.37,4.05,0.35,-0.40,-0.56,-0.20,3.66,3.64,3.69
384.13,3.95,0.26,3.98,0.29,-0.35,-0.49,-0.14,3.60,3.63,3.69
387.97,3.93,0.25,3.94,0.25,-0.29,-0.42,-0.07,3.64,3.65,3.68
391.85,3.93,0.25,3.93,0.25,-0.24,-0.35,-0.01,3.69,3.69,3.68
395.77,3.93,0.25,3.91,0.23,-0.18,-0.28,0.05,3.75,3.73,3.68
399.73,3.87,0.20,3.86,0.18,-0.12,-0.21,0.12,3.75,3.73,3.67
403.72,3.74,0.07,3.78,0.10,-0.07,-0.14,0.18,3.67,3.70,3.67
407.76,3.70,0.03,3.67,-0.00,-0.01,-0.07,0.24,3.69,3.65,3.67
411.84,3.57,-0.10,3.58,-0.10,0.06,0.01,0.31,3.63,3.63,3.67
415.96,3.48,-0.20,3.52,-0.16,0.14,0.08,0.37,3.62,3.66,3.68
420.12,3.47,-0.21,3.46,-0.23,0.23,0.16,0.43,3.70,3.69,3.68
424.32,3.45,-0.24,3.41,-0.28,0.32,0.23,0.49,3.77,3.72,3.69
428.56,3.30,-0.39,3.33,-0.36,0.39,0.31,0.55,3.69,3.73,3.69
432.85,3.24,-0.45,3.23,-0.46,0.46,0.38,0.61,3.70,3.69,3.69
437.18,3.14,-0.55,3.13,-0.56,0.52,0.46,0.67,3.66,3.65,3.69
441.55,3.05,-0.65,3.07,-0.63,0.58,0.53,0.72,3.63,3.65,3.70
445.96,3.02,-0.68,3.03,-0.67,0.64,0.61,0.78,3.66,3.67,3.70
450.42,3.02,-0.69,3.03,-0.68,0.70,0.68,0.84,3.72,3.73,3.71
454.93,3.02,-0.69,3.00,-0.72,0.77,0.75,0.89,3.79,3.76,3.71
459.48,2.97,-0.74,2.95,-0.77,0.83,0.82,0.95,3.80,3.78,3.71
464.07,2.82,-0.90,2.86,-0.85,0.89,0.89,1.00,3.71,3.75,3.72
468.71,2.79,-0.93,2.75,-0.97,0.95,0.96,1.05,3.74,3.70,3.72
473.40,2.65,-1.07,2.66,-1.07,1.02,1.03,1.10,3.67,3.67,3.72
478.13,2.57,-1.16,2.61,-1.12,1.09,1.09,1.15,3.66,3.69,3.73
482.91,2.56,-1.17,2.56,-1.17,1.16,1.15,1.20,3.72,3.73,3.73
487.74,2.56,-1.18,2.52,-1.22,1.24,1.21,1.25,3.80,3.76,3.74
492.62,2.48,-1.27,2.47,-1.28,1.31,1.27,1.30,3.79,3.77,3.75
497.55,2.36,-1.39,2.41,-1.35,1.37,1.33,1.34,3.73,3.78,3.75
502.52,2.33,-1.43,2.34,-1.43,1.43,1.39,1.39,3.76,3.77,3.76
507.55,2.33,-1.44,2.26,-1.51,1.49,1.45,1.43,3.82,3.75,3.77
512.62,2.16,-1.61,2.19,-1.58,1.56,1.51,1.48,3.72,3.75,3.77
517.75,2.10,-1.68,2.14,-1.64,1.63,1.57,1.52,3.73,3.77,3.78
522.93,2.10,-1.69,2.09,-1.70,1.70,1.63,1.56,3.80,3.79,3.79
528.16,2.10,-1.70,2.05,-1.75,1.76,1.69,1.60,3.87,3.82,3.80
533.44,1.98,-1.83,1.99,-1.82,1.83,1.75,1.64,3.81,3.83,3.81
538.77,1.89,-1.93,1.94,-1.88,1.90,1.81,1.68,3.79,3.84,3.82
544.16,1.88,-1.95,1.87,-1.97,1.97,1.87,1.72,3.85,3.83,3.83
549.60,1.86,-1.98,1.80,-2.04,2.03,1.93,1.76,3.90,3.84,3.84
555.10,1.69,-2.17,1.73,-2.12,2.10,2.00,1.79,3.80,3.84,3.86
560.65,1.65,-2.22,1.68,-2.19,2.18,2.06,1.83,3.83,3.86,3.87
566.25,1.65,-2.23,1.64,-2.25,2.25,2.12,1.87,3.90,3.89,3.88
571.92,1.65,-2.25,1.59,-2.30,2.32,2.19,1.91,3.97,3.92,3.90
577.64,1.50,-2.41,1.53,-2.38,2.40,2.26,1.95,3.90,3.93,3.91
583.41,1.43,-2.49,1.47,-2.45,2.47,2.32,1.99,3.90,3.94,3.92
589.25,1.42,-2.52,1.40,-2.54,2.53,2.39,2.03,3.96,3.93,3.94
595.14,1.39,-2.56,1.34,-2.62,2.60,2.46,2.07,4.00,3.94,3.95
601.09,1.22,-2.74,1.27,-2.70,2.68,2.52,2.12,3.90,3.94,3.96
607.10,1.19,-2.78,1.22,-2.75,2.74,2.59,2.16,3.94,3.97,3.97
613.17,1.19,-2.79,1.17,-2.81,2.81,2.66,2.20,4.00,3.98,3.98
619.30,1.19,-2.79,1.13,-2.86,2.87,2.73,2.25,4.06,4.00,3.98
625.50,1.02,-2.97,1.06,-2.94,2.94,2.80,2.30,3.96,3.99,3.99
631.75,0.96,-3.04,1.00,-3.00,3.00,2.87,2.35,3.96,4.00,4.00
638.07,0.96,-3.05,0.95,-3.06,3.06,2.94,2.40,4.02,4.01,4.01
644.45,0.96,-3.06,0.92,-3.10,3.12,3.00,2.45,4.08,4.04,4.02
650.89,0.86,-3.17,0.86,-3.17,3.17,3.07,2.51,4.03,4.03,4.03
657.40,0.76,-3.28,0.79,-3.25,3.22,3.14,2.56,3.98,4.01,4.04
663.98,0.74,-3.31,0.74,-3.31,3.27,3.21,2.62,4.01,4.01,4.05
670.62,0.74,-3.33,0.74,-3.33,3.32,3.28,2.68,4.06,4.06,4.07
677.32,0.74,-3.34,0.75,-3.33,3.37,3.35,2.75,4.11,4.12,4.08
684.10,0.74,-3.35,0.71,-3.39,3.43,3.42,2.81,4.17,4.14,4.09
690.94,0.66,-3.45,0.64,-3.47,3.48,3.49,2.88,4.15,4.13,4.11
697.85,0.53,-3.60,0.57,-3.56,3.55,3.56,2.95,4.08,4.12,4.13
704.83,0.51,-3.64,0.53,-3.62,3.62,3.63,3.02,4.13,4.15,4.15
711.87,0.51,-3.66,0.49,-3.69,3.69,3.70,3.10,4.20,4.18,4.17
718.99,0.48,-3.71,0.44,-3.75,3.77,3.77,3.17,4.25,4.20,4.19
726.18,0.33,-3.88,0.37,-3.84,3.83,3.84,3.25,4.16,4.20,4.21
733.44,0.28,-3.94,0.30,-3.93,3.88,3.91,3.33,4.16,4.19,4.22
740.78,0.28,-3.97,0.27,-3.98,3.93,3.98,3.42,4.21,4.20,4.25
748.19,0.28,-3.99,0.28,-4.00,3.98,4.05,3.50,4.26,4.26,4.27
755.67,0.28,-4.02,0.29,-4.01,4.04,4.11,3.59,4.32,4.32,4.30
763.23,0.28,-4.04,0.29,-4.03,4.09,4.18,3.68,4.37,4.39,4.32
770.86,0.28,-4.07,0.26,-4.09,4.15,4.25,3.78,4.43,4.41,4.35
778.57,0.23,-4.14,0.20,-4.18,4.20,4.31,3.87,4.43,4.40,4.37
786.35,0.08,-4.32,0.12,-4.28,4.26,4.38,3.97,4.34,4.38,4.40
794.22,0.05,-4.38,0.06,-4.36,4.31,4.45,4.07,4.36,4.38,4.43
802.16,0.05,-4.40,0.04,-4.41,4.37,4.51,4.16,4.42,4.41,4.45
810.18,0.05,-4.42,0.05,-4.43,4.42,4.58,4.27,4.47,4.47,4.47
818.28,0.05,-4.45,0.05,-4.45,4.46,4.64,4.37,4.51,4.51,4.50
826.46,0.05,-4.48,0.05,-4.48,4.49,4.70,4.47,4.54,4.54,4.53
834.73,0.05,-4.50,0.05,-4.50,4.51,4.76,4.57,4.56,4.56,4.55
843.08,0.05,-4.53,0.05,-4.53,4.52,4.83,4.68,4.57,4.57,4.58
851.51,0.05,-4.55,0.05,-4.55,4.54,4.89,4.78,4.59,4.59,4.60
860.02,0.05,-4.58,0.05,-4.58,4.57,4.95,4.88,4.62,4.62,4.63
868.62,0.05,-4.60,0.06,-4.60,4.62,5.01,4.98,4.67,4.67,4.65
877.31,0.05,-4.63,0.06,-4.62,4.68,5.06,5.08,4.73,4.73,4.68
886.08,0.05,-4.65,0.02,-4.69,4.74,5.12,5.18,4.79,4.77,4.70
894.94,-0.02,-4.76,-0.04,-4.79,4.81,5.18,5.27,4.80,4.77,4.74
903.89,-0.15,-4.97,-0.11,-4.91,4.89,5.23,5.36,4.74,4.78,4.82
912.93,-0.18,-5.03,-0.17,-5.03,4.97,5.28,5.45,4.79,4.80,4.85
922.06,-0.18,-5.08,-0.19,-5.11,5.06,5.34,5.53,4.88,4.87,4.90
931.28,-0.18,-5.16,-0.18,-5.14,5.14,5.39,5.61,4.96,4.96,4.98
940.59,-0.18,-5.18,-0.18,-5.18,5.21,5.44,5.69,5.04,5.04,5.00
950.00,-0.18,-5.22,-0.18,-5.24,5.27,5.48,5.76,5.09,5.09,5.04
959.50,-0.18,-5.29,-0.18,-5.29,5.29,5.53,5.82,5.12,5.12,5.11
969.09,-0.18,-5.37,-0.20,-5.36,5.31,5.58,5.88,5.13,5.12,5.19
978.78,-0.18,-5.39,-0.18,-5.39,5.32,5.62,5.93,5.14,5.14,5.21
988.57,-0.18,-5.40,-0.12,-5.36,5.33,5.66,5.97,5.15,5.21,5.22
998.46,-0.01,-5.29,-0.05,-5.33,5.35,5.70,6.01,5.34,5.30,5.28
1008.44,0.05,-5.29,0.02,-5.31,5.37,5.74,6.04,5.42,5.39,5.34
1018.53,0.05,-5.34,0.06,-5.33,5.39,5.78,6.06,5.44,5.46,5.39
1028.71,0.05,-5.40,0.06,-5.40,5.43,5.81,6.08,5.48,5.48,5.45
1039.00,0.05,-5.47,0.05,-5.48,5.48,5.85,6.09,5.53,5.53,5.52
1049.39,0.05,-5.55,0.05,-5.55,5.54,5.88,6.10,5.59,5.59,5.60
1059.88,0.05,-5.63,0.05,-5.62,5.62,5.91,6.10,5.67,5.67,5.68
1070.48,0.05,-5.68,0.05,-5.69,5.68,5.94,6.09,5.73,5.73,5.73
1081.19,0.05,-5.75,0.04,-5.78,5.74,5.96,6.08,5.79,5.78,5.80
1092.00,0.05,-5.86,0.05,-5.83,5.79,5.99,6.07,5.84,5.84,5.91
1102.92,0.05,-5.89,0.09,-5.87,5.83,6.01,6.05,5.88,5.92,5.94
1113.95,0.17,-5.84,0.16,-5.87,5.87,6.03,6.03,6.04,6.03,6.01
1125.09,0.26,-5.85,0.23,-5.85,5.90,6.05,6.01,6.16,6.13,6.11
1136.34,0.28,-5.86,0.28,-5.87,5.92,6.06,5.98,6.20,6.20,6.14
1147.70,0.28,-5.92,0.29,-5.92,5.94,6.08,5.95,6.22,6.23,6.20
1159.18,0.28,-5.98,0.28,-5.98,5.95,6.09,5.93,6.23,6.24,6.26
1170.77,0.28,-6.06,0.28,-6.06,5.97,6.10,5.90,6.25,6.25,6.34
1182.48,0.28,-6.15,0.28,-6.16,5.98,6.11,5.87,6.26,6.26,6.43
1194.30,0.28,-6.27,0.28,-6.27,6.00,6.11,5.84,6.28,6.28,6.55
1206.25,0.28,-6.39,0.27,-6.38,6.01,6.12,5.82,6.29,6.27,6.67
1218.31,0.28,-6.44,0.29,-6.45,6.01,6.12,5.79,6.29,6.30,6.72
1230.49,0.30,-6.49,0.35,-6.46,6.01,6.12,5.77,6.31,6.36,6.79
1242.80,0.46,-6.45,0.42,-6.46,6.00,6.12,5.75,6.46,6.42,6.91
1255.22,0.51,-6.45,0.49,-6.49,6.00,6.12,5.73,6.51,6.49,6.96
1267.78,0.51,-6.54,0.52,-6.54,6.00,6.11,5.72,6.51,6.52,7.05
1280.45,0.51,-6.67,0.52,-6.64,6.00,6.11,5.70,6.51,6.52,7.18
1293.26,0.51,-6.74,0.51,-6.75,6.00,6.10,5.70,6.51,6.51,7.25
1306.19,0.51,-6.84,0.51,-6.86,6.00,6.09,5.69,6.51,6.51,7.35
1319.25,0.51,-6.97,0.50,-6.96,6.00,6.08,5.69,6.51,6.50,7.48
1332.45,0.51,-7.04,0.51,-7.04,6.00,6.06,5.69,6.51,6.51,7.55
1345.77,0.51,-7.11,0.55,-7.07,6.00,6.05,5.70,6.51,6.55,7.62
1359.23,0.63,-7.06,0.62,-7.07,6.00,6.03,5.71,6.63,6.62,7.69
1372.82,0.72,-7.04,0.69,-7.07,6.00,6.01,5.73,6.72,6.69,7.76
1386.55,0.74,-7.09,0.74,-7.09,6.00,5.99,5.75,6.74,6.74,7.83
1400.41,0.74,-7.17,0.75,-7.16,6.00,5.97,5.78,6.74,6.75,7.91
1414.42,0.74,-7.24,0.74,-7.24,6.00,5.95,5.80,6.74,6.74,7.98
1428.56,0.74,-7.32,0.74,-7.32,6.00,5.93,5.84,6.74,6.74,8.06
1442.85,0.74,-7.40,0.72,-7.42,6.00,5.90,5.88,6.74,6.72,8.14
1457.28,0.74,-7.48,0.74,-7.48,6.00,5.88,5.92,6.74,6.74,8.22
1471.85,0.74,-7.57,0.80,-7.51,6.00,5.85,5.97,6.74,6.80,8.31
1486.57,0.91,-7.49,0.87,-7.53,6.00,5.83,6.02,6.91,6.87,8.40
1501.43,0.96,-7.52,0.94,-7.55,6.00,5.80,6.07,6.96,6.94,8.48
1516.45,0.96,-7.60,0.97,-7.59,6.00,5.77,6.14,6.96,6.97,8.56
1531.61,0.96,-7.69,0.97,-7.69,6.00,5.74,6.20,6.96,6.97,8.65
1546.93,0.96,-7.78,0.96,-7.78,6.00,5.71,6.27,6.96,6.96,8.74
1562.40,0.96,-7.87,0.94,-7.89,6.00,5.68,6.34,6.96,6.94,8.83
1578.02,0.96,-7.96,0.97,-7.95,6.00,5.65,6.42,6.96,6.97,8.92
1593.80,0.97,-8.03,1.03,-7.98,6.00,5.62,6.49,6.97,7.03,9.00
1609.74,1.15,-7.94,1.10,-7.99,6.00,5.59,6.58,7.15,7.10,9.09
1625.84,1.19,-7.99,1.17,-8.01,6.00,5.56,6.66,7.19,7.17,9.18
1642.10,1.19,-8.09,1.21,-8.07,6.00,5.53,6.75,7.19,7.21,9.28
1658.52,1.19,-8.18,1.18,-8.19,6.00,5.50,6.83,7.19,7.18,9.37
1675.10,1.19,-8.27,1.19,-8.27,6.00,5.47,6.92,7.19,7.19,9.46
1691.85,1.19,-8.36,1.25,-8.30,6.00,5.44,7.01,7.19,7.25,9.55
1708.77,1.36,-8.28,1.32,-8.32,6.00,5.42,7.10,7.36,7.32,9.64
1725.86,1.42,-8.31,1.38,-8.35,6.00,5.39,7.19,7.42,7.38,9.73
1743.12,1.42,-8.41,1.43,-8.40,6.00,5.36,7.28,7.42,7.43,9.83
1760.55,1.42,-8.51,1.47,-8.46,6.00,5.34,7.36,7.42,7.47,9.93
1778.15,1.55,-8.48,1.54,-8.50,6.00,5.32,7.44,7.55,7.54,10.03
1795.94,1.63,-8.50,1.60,-8.53,6.00,5.30,7.52,7.63,7.60,10.13
1813.90,1.65,-8.58,1.65,-8.59,6.00,5.28,7.58,7.65,7.65,10.23
1832.03,1.65,-8.68,1.65,-8.68,6.00,5.26,7.65,7.65,7.65,10.33
1850.36,1.65,-8.78,1.68,-8.75,6.00,5.25,7.70,7.65,7.68,10.43
1868.86,1.73,-8.81,1.73,-8.81,6.00,5.24,7.75,7.73,7.73,10.54
1887.55,1.85,-8.80,1.82,-8.83,6.00,5.23,7.78,7.85,7.82,10.65
1906.42,1.88,-8.87,1.93,-8.83,6.00,5.22,7.81,7.88,7.93,10.75
1925.49,2.03,-8.83,2.01,-8.85,6.00,5.22,7.82,8.03,8.01,10.86
1944.74,2.10,-8.87,2.06,-8.91,6.00,5.23,7.83,8.10,8.06,10.97
1964.19,2.10,-8.97,2.14,-8.94,6.00,5.23,7.81,8.10,8.14,11.07
1983.83,2.16,-9.01,2.18,-8.99,6.00,5.25,7.79,8.16,8.18,11.17
2003.67,2.30,-8.97,2.26,-9.01,6.00,5.27,7.74,8.30,8.26,11.27
2023.71,2.33,-9.04,2.37,-9.01,6.00,5.29,7.69,8.33,8.37,11.37
2043.94,2.47,-9.00,2.46,-9.00,6.00,5.32,7.62,8.47,8.46,11.47
2064.38,2.55,-8.99,2.51,-9.02,6.00,5.36,7.54,8.55,8.51,11.54
2085.03,2.56,-9.00,2.58,-9.00,6.00,5.40,7.44,8.56,8.58,11.56
2105.88,2.61,-9.01,2.68,-8.95,6.00,5.45,7.33,8.61,8.68,11.62
2126.94,2.82,-8.88,2.81,-8.89,6.00,5.52,7.21,8.82,8.81,11.70
2148.20,2.99,-8.79,2.92,-8.86,6.00,5.58,7.08,8.99,8.92,11.78
2169.69,3.02,-8.85,3.02,-8.85,6.00,5.66,6.93,9.02,9.02,11.87
2191.38,3.02,-8.93,3.08,-8.87,6.00,5.75,6.78,9.02,9.08,11.95
2213.30,3.19,-8.84,3.16,-8.86,6.00,5.84,6.62,9.19,9.16,12.03
2235.43,3.26,-8.79,3.27,-8.79,6.00,5.94,6.45,9.26,9.27,12.05
2257.78,3.42,-8.67,3.42,-8.69,6.00,6.05,6.27,9.42,9.42,12.09
2280.36,3.55,-8.62,3.57,-8.60,6.00,6.16,6.09,9.55,9.57,12.17
2303.17,3.78,-8.47,3.76,-8.48,6.00,6.27,5.91,9.78,9.76,12.25
2326.20,3.91,-8.40,3.91,-8.39,6.00,6.38,5.72,9.91,9.91,12.31
2349.46,4.08,-8.25,4.06,-8.29,6.00,6.49,5.53,10.08,10.06,12.33
2372.95,4.15,-8.26,4.18,-8.25,6.00,6.58,5.33,10.15,10.18,12.41
2396.68,4.33,-8.17,4.32,-8.17,6.00,6.66,5.13,10.33,10.32,12.50
2420.65,4.44,-8.13,4.47,-8.09,6.00,6.72,4.94,10.44,10.47,12.57
2444.86,4.66,-7.93,4.65,-7.96,6.00,6.75,4.74,10.66,10.65,12.59
2469.31,4.81,-7.84,4.80,-7.85,6.00,6.76,4.54,10.81,10.80,12.65
2494.00,4.98,-7.73,4.96,-7.74,6.00,6.73,4.34,10.98,10.96,12.71
2518.94,5.06,-7.66,5.08,-7.66,6.00,6.68,4.14,11.06,11.08,12.72
2544.13,5.25,-7.52,5.26,-7.51,6.00,6.60,3.94,11.25,11.26,12.77
2569.57,5.44,-7.37,5.48,-7.32,6.00,6.50,3.74,11.44,11.48,12.81
2595.27,5.76,-7.05,5.72,-7.09,6.01,6.38,3.55,11.77,11.73,12.81
2621.22,5.95,-6.86,5.93,-6.90,6.02,6.25,3.35,11.98,11.95,12.81
2647.43,6.10,-6.74,6.10,-6.76,6.04,6.10,3.16,12.14,12.13,12.84
2673.90,6.19,-6.71,6.21,-6.66,6.04,5.97,2.97,12.23,12.25,12.90
2700.64,6.38,-6.51,6.38,-6.51,6.02,5.83,2.77,12.40,12.40,12.89
2727.65,6.55,-6.33,6.60,-6.30,5.98,5.70,2.58,12.53,12.58,12.88
2754.93,6.87,-6.01,6.83,-6.07,5.91,5.59,2.40,12.78,12.74,12.88
2782.48,7.08,-5.85,7.04,-5.88,5.80,5.48,2.21,12.88,12.85,12.93
2810.30,7.22,-5.73,7.27,-5.67,5.65,5.37,2.02,12.87,12.92,12.95
2838.40,7.45,-5.48,7.45,-5.49,5.46,5.26,1.84,12.91,12.91,12.93
2866.79,7.71,-5.21,7.67,-5.25,5.24,5.13,1.65,12.95,12.91,12.92
2895.46,7.89,-5.02,7.94,-4.97,5.00,4.96,1.47,12.89,12.94,12.91
2924.41,8.21,-4.68,8.22,-4.68,4.74,4.76,1.29,12.95,12.95,12.89
2953.65,8.50,-4.37,8.48,-4.40,4.46,4.51,1.11,12.96,12.94,12.87
2983.19,8.76,-4.09,8.72,-4.13,4.17,4.22,0.93,12.93,12.89,12.85
3013.02,8.91,-3.92,8.93,-3.90,3.87,3.90,0.75,12.78,12.81,12.83
3043.15,9.14,-3.67,9.17,-3.65,3.57,3.57,0.58,12.71,12.74,12.81
3073.58,9.43,-3.35,9.45,-3.32,3.27,3.23,0.40,12.70,12.71,12.78
3104.32,9.79,-2.93,9.76,-2.95,2.96,2.89,0.23,12.75,12.72,12.72
3135.36,10.07,-2.55,10.06,-2.58,2.65,2.56,0.05,12.72,12.71,12.62
3166.72,10.33,-2.25,10.34,-2.24,2.32,2.24,-0.12,12.65,12.66,12.58
3198.38,10.60,-1.95,10.59,-1.96,1.97,1.92,-0.29,12.57,12.56,12.55
3230.37,10.86,-1.65,10.86,-1.65,1.60,1.60,-0.46,12.46,12.46,12.51
3262.67,11.12,-1.35,11.14,-1.31,1.23,1.28,-0.63,12.35,12.37,12.47
3295.30,11.46,-0.91,11.45,-0.93,0.87,0.97,-0.79,12.34,12.32,12.37
3328.25,11.76,-0.51,11.78,-0.51,0.52,0.64,-0.96,12.28,12.30,12.27
3361.53,12.11,-0.10,12.11,-0.08,0.16,0.30,-1.12,12.27,12.27,12.21
3395.15,12.40,0.30,12.39,0.28,-0.21,-0.04,-1.28,12.20,12.18,12.10
3429.10,12.66,0.65,12.62,0.60,-0.58,-0.40,-1.43,12.08,12.04,12.01
3463.39,12.80,0.84,12.83,0.89,-0.95,-0.78,-1.59,11.85,11.88,11.96
3498.03,13.04,1.19,13.07,1.21,-1.31,-1.16,-1.74,11.73,11.76,11.85
3533.01,13.33,1.57,13.35,1.58,-1.64,-1.53,-1.88,11.69,11.71,11.76
3568.34,13.68,1.97,13.65,1.97,-1.95,-1.90,-2.02,11.73,11.70,11.71
3604.02,13.92,2.34,13.89,2.29,-2.23,-2.23,-2.16,11.69,11.67,11.58
3640.06,14.04,2.54,14.06,2.55,-2.47,-2.52,-2.29,11.57,11.59,11.50
3676.46,14.15,2.71,14.14,2.72,-2.68,-2.72,-2.42,11.47,11.46,11.44
3713.22,14.18,2.85,14.19,2.86,-2.84,-2.86,-2.54,11.34,11.35,11.33
3750.36,14.18,2.96,14.19,2.96,-2.95,-2.91,-2.65,11.23,11.24,11.22
3787.86,14.17,3.04,14.13,3.00,-3.01,-2.89,-2.75,11.16,11.12,11.13
3825.74,14.01,2.98,14.03,3.00,-3.01,-2.81,-2.85,11.00,11.02,11.03
3864.00,13.89,2.96,13.91,2.98,-2.98,-2.70,-2.94,10.91,10.93,10.93
3902.64,13.76,2.94,13.76,2.94,-2.92,-2.58,-3.02,10.84,10.84,10.82
3941.66,13.61,2.91,13.59,2.89,-2.84,-2.46,-3.09,10.77,10.75,10.70
3981.08,13.38,2.80,13.36,2.77,-2.75,-2.36,-3.16,10.63,10.61,10.58
4020.89,13.11,2.63,13.13,2.62,-2.66,-2.27,-3.22,10.45,10.47,10.48
4061.10,12.87,2.43,12.91,2.50,-2.57,-2.22,-3.26,10.30,10.35,10.44
4101.71,12.77,2.44,12.75,2.42,-2.49,-2.18,-3.30,10.28,10.26,10.33
4142.73,12.63,2.41,12.63,2.39,-2.42,-2.17,-3.33,10.21,10.21,10.22
4184.15,12.50,2.37,12.50,2.37,-2.35,-2.18,-3.35,10.15,10.15,10.13
4226.00,12.38,2.34,12.36,2.31,-2.29,-2.21,-3.37,10.09,10.07,10.04
4268.26,12.21,2.25,12.25,2.30,-2.25,-2.26,-3.38,9.97,10.01,9.96
4310.94,12.14,2.26,12.15,2.27,-2.22,-2.34,-3.38,9.92,9.93,9.88
4354.05,12.11,2.30,12.05,2.22,-2.20,-2.43,-3.37,9.91,9.85,9.81
4397.59,11.94,2.14,11.97,2.16,-2.20,-2.54,-3.36,9.75,9.77,9.80
4441.56,11.90,2.09,11.92,2.13,-2.20,-2.66,-3.35,9.70,9.72,9.81
4485.98,11.90,2.13,11.93,2.16,-2.22,-2.80,-3.33,9.68,9.71,9.77
4530.84,12.03,2.30,12.01,2.27,-2.26,-2.96,-3.31,9.77,9.76,9.73
4576.15,12.12,2.42,12.08,2.38,-2.32,-3.13,-3.28,9.80,9.77,9.70
4621.91,12.13,2.47,12.13,2.46,-2.40,-3.32,-3.25,9.73,9.72,9.66
4668.13,12.13,2.51,12.15,2.53,-2.51,-3.53,-3.22,9.62,9.64,9.62
4714.81,12.19,2.61,12.22,2.64,-2.65,-3.75,-3.19,9.54,9.56,9.58
4761.96,12.33,2.81,12.32,2.80,-2.82,-3.99,-3.16,9.51,9.49,9.52
4809.58,12.47,3.03,12.44,3.00,-3.02,-4.25,-3.12,9.45,9.42,9.44
4857.67,12.57,3.22,12.59,3.24,-3.26,-4.53,-3.09,9.31,9.33,9.35
4906.25,12.75,3.51,12.77,3.52,-3.54,-4.83,-3.06,9.21,9.23,9.24
4955.31,13.00,3.87,12.99,3.86,-3.87,-5.15,-3.03,9.13,9.12,9.13
5004.87,13.27,4.27,13.26,4.26,-4.25,-5.48,-3.00,9.02,9.00,9.00
5054.91,13.53,4.68,13.53,4.68,-4.68,-5.85,-2.97,8.85,8.86,8.85
5105.46,13.84,5.14,13.85,5.15,-5.14,-6.23,-2.94,8.70,8.70,8.70
5156.52,14.16,5.63,14.18,5.65,-5.65,-6.64,-2.92,8.51,8.52,8.53
5208.08,14.58,6.23,14.54,6.19,-6.21,-7.07,-2.89,8.37,8.34,8.35
5260.16,14.91,6.75,14.94,6.78,-6.80,-7.52,-2.87,8.11,8.13,8.16
5312.77,15.37,7.40,15.36,7.39,-7.43,-7.98,-2.85,7.94,7.93,7.97
5365.89,15.81,8.03,15.81,8.03,-8.10,-8.46,-2.84,7.72,7.72,7.78
5419.55,16.31,8.71,16.32,8.72,-8.78,-8.95,-2.83,7.53,7.54,7.60
5473.75,16.84,9.42,16.83,9.41,-9.47,-9.42,-2.82,7.37,7.36,7.42
5528.49,17.36,10.11,17.34,10.09,-10.14,-9.89,-2.81,7.22,7.20,7.25
5583.77,17.81,10.73,17.80,10.72,-10.75,-10.29,-2.81,7.06,7.05,7.08
5639.61,18.20,11.29,18.20,11.28,-11.25,-10.68,-2.81,6.95,6.94,6.91
5696.00,18.50,11.75,18.50,11.75,-11.63,-10.91,-2.82,6.87,6.87,6.75
5752.96,18.70,12.11,18.65,12.06,-11.86,-11.12,-2.83,6.84,6.79,6.59
5810.49,18.66,12.23,18.57,12.14,-11.93,-11.12,-2.84,6.73,6.64,6.43
5868.60,18.32,12.06,18.26,11.99,-11.85,-11.07,-2.86,6.47,6.41,6.26
5927.28,17.75,11.65,17.73,11.63,-11.62,-10.84,-2.88,6.13,6.11,6.10
5986.56,17.19,11.24,17.10,11.17,-11.26,-10.56,-2.90,5.93,5.85,5.95
6046.42,16.48,10.72,16.45,10.69,-10.78,-10.16,-2.93,5.70,5.67,5.76
6106.89,15.87,10.29,15.77,10.20,-10.22,-9.73,-2.96,5.65,5.56,5.58
6167.96,15.16,9.76,15.05,9.65,-9.61,-9.26,-2.99,5.55,5.44,5.40
6229.64,14.40,9.15,14.31,9.06,-9.00,-8.77,-3.03,5.40,5.30,5.25
6291.93,13.57,8.46,13.51,8.39,-8.41,-8.30,-3.07,5.16,5.10,5.11
6354.85,12.77,7.80,12.75,7.76,-7.85,-7.82,-3.11,4.93,4.91,4.97
6418.40,11.99,7.15,12.07,7.20,-7.31,-7.37,-3.16,4.68,4.76,4.84
6482.58,11.39,6.68,11.49,6.74,-6.80,-6.93,-3.20,4.59,4.69,4.71
6547.41,10.78,6.20,11.00,6.34,-6.35,-6.54,-3.26,4.43,4.65,4.58
6612.88,10.20,5.74,10.57,5.99,-5.96,-6.16,-3.31,4.24,4.61,4.46
6679.01,9.61,5.26,10.18,5.65,-5.64,-5.83,-3.37,3.97,4.54,4.35
6745.80,9.01,4.76,9.85,5.36,-5.39,-5.51,-3.42,3.62,4.47,4.25
6813.26,8.44,4.28,9.60,5.11,-5.19,-5.25,-3.48,3.25,4.41,4.16
6881.39,7.92,3.85,9.46,4.96,-5.03,-5.01,-3.54,2.89,4.43,4.07
6950.21,7.52,3.54,9.40,4.88,-4.91,-4.83,-3.60,2.61,4.49,3.98
7019.71,7.28,3.38,9.39,4.82,-4.80,-4.65,-3.66,2.48,4.58,3.90
7089.91,6.93,3.11,9.38,4.75,-4.72,-4.55,-3.72,2.22,4.67,3.82
7160.81,6.59,2.85,9.37,4.67,-4.63,-4.45,-3.77,1.96,4.74,3.74
7232.41,6.32,2.65,9.33,4.56,-4.53,-4.38,-3.82,1.79,4.80,3.67
7304.74,6.06,2.52,9.26,4.43,-4.40,-4.32,-3.87,1.67,4.86,3.54
7377.79,5.80,2.36,9.16,4.25,-4.22,-4.20,-3.91,1.58,4.93,3.44
7451.56,5.54,2.17,9.02,4.04,-4.01,-4.08,-3.95,1.53,5.01,3.37
7526.08,5.33,2.03,8.85,3.79,-3.76,-3.82,-3.98,1.57,5.09,3.30
7601.34,5.20,1.97,8.63,3.50,-3.47,-3.55,-4.00,1.73,5.16,3.23
7677.35,4.98,1.83,8.38,3.18,-3.16,-3.18,-4.01,1.82,5.21,3.15
7754.13,4.86,1.81,8.09,2.84,-2.84,-2.80,-4.02,2.02,5.25,3.05
7831.67,4.67,1.74,7.79,2.49,-2.51,-2.41,-4.00,2.16,5.28,2.93
7909.98,4.61,1.83,7.49,2.14,-2.18,-2.02,-3.99,2.43,5.31,2.78
7989.08,4.61,2.00,7.21,1.82,-1.86,-1.67,-3.95,2.75,5.35,2.61
8068.98,4.68,2.25,6.94,1.52,-1.55,-1.32,-3.92,3.13,5.39,2.43
8149.67,4.91,2.68,6.69,1.25,-1.26,-1.03,-3.86,3.65,5.43,2.23
8231.16,5.05,3.01,6.45,0.98,-0.99,-0.74,-3.79,4.06,5.46,2.04
8313.47,5.22,3.36,6.23,0.74,-0.74,-0.50,-3.71,4.48,5.49,1.86
8396.61,5.28,3.59,6.01,0.50,-0.50,-0.25,-3.62,4.78,5.51,1.69
8480.57,5.60,4.08,5.79,0.27,-0.27,-0.04,-3.52,5.34,5.52,1.52
8565.38,6.02,4.56,5.57,0.04,-0.04,0.17,-3.41,5.98,5.53,1.46
8651.03,6.52,5.06,5.36,-0.18,0.19,0.36,-3.28,6.71,5.54,1.46
8737.54,7.04,5.51,5.14,-0.41,0.41,0.55,-3.16,7.45,5.55,1.53
8824.92,7.57,5.88,4.92,-0.64,0.64,0.73,-3.02,8.21,5.56,1.69
8913.17,8.17,6.23,4.70,-0.87,0.87,0.90,-2.87,9.04,5.57,1.94
9002.30,8.83,6.55,4.48,-1.11,1.11,1.06,-2.72,9.94,5.59,2.28
9092.32,9.71,6.99,4.25,-1.34,1.34,1.22,-2.57,11.05,5.60,2.72
9183.25,10.73,7.53,4.02,-1.59,1.59,1.37,-2.40,12.32,5.61,3.20
9275.08,11.74,8.02,3.79,-1.83,1.83,1.52,-2.24,13.58,5.62,3.72
9367.83,12.56,8.20,3.54,-2.09,2.09,1.66,-2.08,14.65,5.63,4.36
9461.51,12.88,7.82,3.29,-2.35,2.36,1.81,-1.91,15.24,5.65,5.06
9556.12,12.51,6.72,3.03,-2.61,2.64,1.95,-1.74,15.15,5.67,5.79
9651.68,11.65,5.14,2.76,-2.89,2.93,2.08,-1.57,14.58,5.68,6.51
9748.20,10.19,3.04,2.48,-3.17,3.20,2.22,-1.40,13.39,5.68,7.15
9845.68,8.51,0.73,2.19,-3.45,3.46,2.35,-1.23,11.98,5.65,7.78
9944.14,6.85,-1.55,1.89,-3.75,3.71,2.48,-1.06,10.56,5.60,8.40
10043.58,5.45,-3.47,1.58,-4.05,3.93,2.61,-0.89,9.38,5.51,8.92
10144.02,4.31,-5.06,1.38,-4.18,4.13,2.74,-0.72,8.44,5.51,9.37
10245.46,3.26,-6.47,1.19,-4.31,4.30,2.87,-0.55,7.56,5.50,9.73
10347.91,2.02,-8.01,1.01,-4.43,4.45,2.99,-0.38,6.47,5.45,10.03
10451.39,0.84,-9.40,0.82,-4.54,4.57,3.11,-0.21,5.41,5.39,10.24
10555.91,-0.23,-10.58,0.63,-4.66,4.68,3.24,-0.04,4.45,5.31,10.35
10661.46,-1.12,-11.44,0.45,-4.77,4.78,3.36,0.13,3.66,5.23,10.32
10768.08,-1.82,-12.09,0.27,-4.87,4.87,3.47,0.30,3.05,5.14,10.27
10875.76,-2.47,-12.64,0.09,-4.97,4.97,3.59,0.47,2.50,5.06,10.17
10984.52,-3.22,-13.21,-0.09,-5.07,5.07,3.71,0.64,1.85,4.98,9.99
11094.36,-3.91,-13.76,-0.27,-5.16,5.16,3.82,0.81,1.25,4.89,9.85
11205.31,-4.61,-14.32,-0.44,-5.25,5.25,3.93,0.98,0.64,4.81,9.71
11317.36,-5.05,-14.60,-0.62,-5.34,5.34,4.04,1.16,0.29,4.72,9.55
11430.53,-5.35,-14.68,-0.79,-5.42,5.42,4.15,1.33,0.07,4.63,9.33
11544.84,-5.71,-14.84,-0.96,-5.49,5.49,4.26,1.51,-0.21,4.53,9.13
11660.29,-6.19,-15.17,-1.13,-5.57,5.57,4.36,1.69,-0.62,4.44,8.98
11776.89,-6.69,-15.46,-1.30,-5.64,5.64,4.47,1.88,-1.05,4.34,8.77
11894.66,-7.01,-15.57,-1.46,-5.70,5.71,4.56,2.07,-1.30,4.24,8.56
12013.60,-7.27,-15.62,-1.63,-5.76,5.77,4.66,2.26,-1.50,4.14,8.35
12133.74,-7.53,-15.59,-1.79,-5.82,5.83,4.76,2.46,-1.70,4.04,8.06
12255.08,-7.68,-15.46,-1.95,-5.87,5.88,4.85,2.67,-1.80,3.93,7.78
12377.63,-7.85,-15.35,-2.11,-5.92,5.92,4.94,2.88,-1.93,3.81,7.50
12501.41,-8.09,-15.30,-2.26,-5.97,5.95,5.03,3.10,-2.14,3.69,7.21
12626.42,-8.33,-15.23,-2.42,-6.01,5.98,5.12,3.33,-2.35,3.56,6.90
12752.68,-8.38,-14.93,-2.57,-6.05,5.99,5.20,3.57,-2.38,3.42,6.55
12880.21,-8.38,-14.50,-2.73,-6.08,6.00,5.28,3.82,-2.37,3.28,6.12
13009.01,-8.38,-14.11,-2.88,-6.11,6.01,5.36,4.08,-2.37,3.13,5.73
13139.10,-8.38,-13.67,-3.03,-6.14,6.01,5.44,4.36,-2.37,2.98,5.29
13270.49,-8.38,-13.17,-3.17,-6.16,6.01,5.51,4.64,-2.37,2.83,4.79
13403.20,-8.20,-12.56,-3.32,-6.17,6.00,5.58,4.95,-2.20,2.68,4.36
13537.23,-8.10,-12.02,-3.46,-6.19,6.00,5.65,5.27,-2.10,2.54,3.92
13672.60,-7.82,-11.28,-3.60,-6.20,6.00,5.71,5.62,-1.82,2.40,3.46
13809.33,-7.45,-10.53,-3.74,-6.20,6.00,5.78,5.98,-1.45,2.26,3.08
13947.42,-7.02,-9.66,-3.88,-6.20,6.00,5.84,6.38,-1.02,2.12,2.64
14086.90,-6.54,-8.70,-4.02,-6.20,6.00,5.89,6.79,-0.54,1.98,2.16
14227.77,-5.95,-7.66,-4.16,-6.20,6.00,5.95,7.25,0.05,1.84,1.71
14370.04,-5.20,-6.38,-4.29,-6.19,6.00,6.00,7.72,0.80,1.71,1.18
14513.74,-4.29,-4.93,-4.42,-6.17,6.00,6.05,8.25,1.71,1.58,0.64
14658.88,-3.23,-3.36,-4.55,-6.15,6.01,6.10,8.79,2.78,1.46,0.13
14805.47,-2.02,-1.66,-4.68,-6.13,6.01,6.14,9.39,3.99,1.33,-0.36
14953.52,-0.67,0.09,-4.81,-6.10,6.01,6.18,10.01,5.34,1.20,-0.76
15103.06,1.26,2.34,-4.93,-6.07,6.00,6.22,10.68,7.26,1.07,-1.08
15254.09,3.31,4.59,-5.06,-6.04,5.99,6.26,11.35,9.30,0.94,-1.28
15406.63,5.03,6.45,-5.18,-6.00,5.97,6.29,12.02,11.00,0.79,-1.42
15560.70,5.75,7.26,-5.30,-5.96,5.95,6.32,12.64,11.70,0.65,-1.51
15716.30,4.81,6.36,-5.42,-5.91,5.91,6.35,13.14,10.72,0.49,-1.55
15873.47,2.94,4.44,-5.53,-5.86,5.87,6.38,13.49,8.81,0.33,-1.50
16032.20,0.76,2.16,-5.65,-5.81,5.81,6.41,13.54,6.57,0.16,-1.40
16192.52,-1.39,-0.01,-5.76,-5.75,5.75,6.43,13.41,4.37,-0.01,-1.38
16354.45,-3.22,-1.83,-5.88,-5.69,5.69,6.46,12.90,2.47,-0.19,-1.39
16517.99,-4.77,-3.37,-5.99,-5.62,5.62,6.48,12.29,0.85,-0.37,-1.40
16683.17,-5.90,-4.52,-6.09,-5.55,5.55,6.50,11.48,-0.35,-0.54,-1.38
16850.01,-6.79,-5.35,-6.20,-5.48,5.48,6.51,10.64,-1.31,-0.73,-1.44
17018.51,-7.54,-5.96,-6.31,-5.40,5.40,6.53,9.76,-2.14,-0.91,-1.58
17188.69,-8.14,-6.35,-6.41,-5.32,5.32,6.55,8.90,-2.82,-1.10,-1.79
17360.58,-8.76,-6.73,-6.51,-5.23,5.23,6.56,8.08,-3.53,-1.28,-2.03
17534.18,-9.31,-6.96,-6.61,-5.14,5.14,6.57,7.29,-4.17,-1.47,-2.35
17709.53,-9.72,-6.96,-6.71,-5.05,5.05,6.58,6.57,-4.67,-1.67,-2.76
17886.62,-9.94,-6.76,-6.81,-4.95,4.95,6.59,5.88,-4.99,-1.86,-3.18
18065.49,-9.98,-6.62,-6.90,-4.85,4.85,6.60,5.26,-5.13,-2.06,-3.36
18246.14,-9.98,-6.49,-7.00,-4.74,4.74,6.61,4.67,-5.24,-2.26,-3.49
18428.60,-9.83,-6.16,-7.09,-4.63,4.63,6.62,4.13,-5.20,-2.46,-3.67
18612.89,-9.50,-5.67,-7.18,-4.52,4.52,6.63,3.63,-4.98,-2.67,-3.83
18799.02,-9.01,-5.03,-7.27,-4.40,4.40,6.63,3.18,-4.61,-2.87,-3.98
18987.01,-8.38,-4.26,-7.36,-4.28,4.28,6.64,2.76,-4.10,-3.08,-4.12
19176.88,-7.69,-3.47,-7.44,-4.15,4.15,6.64,2.38,-3.54,-3.29,-4.22
19368.65,-6.88,-2.59,-7.53,-4.02,4.02,6.65,2.03,-2.86,-3.51,-4.29
19562.33,-5.67,-1.33,-7.61,-3.89,3.89,6.65,1.72,-1.78,-3.72,-4.34
19757.96,-4.23,0.12,-7.69,-3.75,3.75,6.65,1.40,-0.48,-3.94,-4.35
19955.54,-2.77,1.61,-7.77,-3.61,3.61,6.66,1.09,0.84,-4.16,-4.38
